URL,Lastmod,Changefreq,Priority
https://rankdaily.shopconna.com/,2025-04-03,daily,1.0
https://rankdaily.shopconna.com/dashboard,2025-04-03,weekly,0.9
https://rankdaily.shopconna.com/privacy,2025-04-03,weekly,0.9
https://rankdaily.shopconna.com/sign-in,2025-04-03,weekly,0.9
https://rankdaily.shopconna.com/sign-up,2025-04-03,weekly,0.9
https://rankdaily.shopconna.com/tabs/batch,2025-04-03,weekly,0.9
https://rankdaily.shopconna.com/tabs/domains,2025-04-03,weekly,0.9
https://rankdaily.shopconna.com/tabs/help,2025-04-03,weekly,0.9
https://rankdaily.shopconna.com/tabs/license,2025-04-03,weekly,0.9
https://rankdaily.shopconna.com/tabs/overview,2025-04-03,weekly,0.9
https://rankdaily.shopconna.com/tabs/reports,2025-04-03,weekly,0.9
https://rankdaily.shopconna.com/tabs/schedule,2025-04-03,weekly,0.9
https://rankdaily.shopconna.com/tabs/settings,2025-04-03,weekly,0.9
https://rankdaily.shopconna.com/tabs/tracker,2025-04-03,weekly,0.9
https://rankdaily.shopconna.com/terms,2025-04-03,weekly,0.9